{"Ed Sheeran": [6353340, 2.499901955023713], "Post Malone": [10485958, 4.125997806586228], "Camila Cabello": [2615571, 1.029170649831951], "J Balvin": [2285245, 0.8991945092200584], "Khalid": [1588512, 0.6250451344298634], "Ariana Grande": [5910307, 2.325578046207245], "Justin Bieber": [1867712, 0.7349042991908585], "Billie Eilish": [9352302, 3.6799286759046708], "Maroon 5": [4068799, 1.60098445458586], "Shawn Mendes": [4063541, 1.5989155452437638]}